,video_id,video_timestamp,video_duration,video_locationcreated,video_diggcount,video_sharecount,video_commentcount,video_playcount,video_description,video_is_ad,video_stickers,author_username,author_name,author_followercount,author_followingcount,author_heartcount,author_videocount,author_diggcount,author_verified,suggested_words,url,english_transcript,german_transcript
0,7354817274060016928,2024-04-06T20:07:27,16,DE,10400,666,30,106000,@Kmn_Azet #mercedes #scoupe #foryou #yourpage #deutschland #afd #mercedesbenz ,False,,sjautolack,Semir SJ,,,,,,False,s coupe / Mercedes-Benz / Merced√©s / azet / Mercedes Benz Edits / Mercedes Edits / Mercedes S Class Clips / Azet Edits / s class mercedes / s class coupe,https://www.tiktok.com/@sjautolack/video/7354817274060016928,,
1,7360356173960203553,2024-04-21T18:21:11,89,DE,19600,1501,399,171600,Twitch & YouTube : Leroy2Real üôèüèæ#leroyen ,False,,leroytoreal,TWITCH & YT: Leroy2real,,,,,,False,leroy2real / leroy / afd wahlprogramm,https://www.tiktok.com/@leroytoreal/video/7360356173960203553,"uh, what do you think 1 perfect girl looks like? so the must definitely 1 large uh,  you see chat.  you always talk about Frankfurt. you always talk about Frankfurt. please take a look at Nuremberg. why is 1 12 year old talking about a big ass?  Bro? and 1 large. you must you.  you don't have to have that much contact with boys and yes, yes,  what do you find attractive in a girl? so wait wait wait.  at this point first.  ne, why is it selected? he would have to have no idea deal with root calculation or anything else or with the ABC or midnight formula. but why?  why know.  oh my god maybe what does it mean again don't know what that's possible yeah uh, that is so especially great with a girl, that they have no. that she has no contact with guys and stuff. okay, but what if.  what if she has contact with guys Conclusion now it is enough for me because now I place now. now I'm freaking out. Now I'm freaking out,  I've had enough.  now it's over. yes here.  how many exes do you have? So 10 Bro.  Bro is not 13 years old and already has 10 exes. you can't tell me anything brother. ","√§h, wie sieht deiner Meinung nach 1 perfektes M√§dchen Aus? also die muss auf jeden Fall 1 gro√üer √§h, seht ihr Chat. ihr redet immer √ºber Frankfurt. ihr redet immer √ºber Frankfurt. guckt mal bitte nach N√ºrnberg. warum redet 1 zw√∂lfj√§hriger von einem gro√üen Ass? Bro? und 1 gro√üe. du musst du. du musst nicht so viel Kontakt mit Jungs haben und ja, ja, was findest du attraktiv bei einem M√§dchen? also warte warte warte. an dieser Stelle erstmal. ne, warum wird er ausgew√§hlt? er m√ºsste sich keine Ahnung mit wurzelrechnung oder sonst was besch√§ftigen oder mit der ABC oder Mitternachtsformel. aber warum? warum wei√ü. oh Mein Gott vielleicht was hei√üt noch mal wei√ü nicht was das geht ja √§h, das ist so besonders toll bei einem M√§dchen, dass sie kein. dass sie kein Kontakt hat mit Jungs und so. okay, aber was wenn. was wenn sie Kontakt hat mit Jungs Schluss jetzt reicht es Mir n√§mlich jetzt Platz ich jetzt. jetzt rast ich Aus. jetzt rast ich Aus, reicht es Mir. jetzt ist Schluss hier. ja hier. wie viele exen hast du? so 10 Bro. Bro ist keine 13 Jahre und hat schon 10 exen. du kannst Mir nichts erz√§hlen Bruder. "
2,7358442823659703585,2024-04-16T14:36:26,28,DE,16300,3785,1440,193900,#AfD #berlin #deutschland ,False,,miguelklaussafd,Miguel Klau√ü,,,,,,False,afd demo berlin / frauenarzt / frauenarzt be like / afdfraktionimbundestag,https://www.tiktok.com/@miguelklaussafd/video/7358442823659703585,yes Miguel Klau√ü here hello good day  I would like to make an appointment with the gynecologist yes health problems  I no longer get my period how Lange already?  for 37 years hello hello  N**i ,ja Miguel Klau√ü hier hallo guten Tag  ich br√§uchte gerne einen Termin beim Frauenarzt ja gesundheitliche Probleme  ich bekomm meine Tage nicht mehr wie Lange schon?  seit 37 Jahren hallo hallo  N**i 
3,7357032229215816992,2024-04-12T19:22:36,63,DE,2411,376,409,222100,#bj√∂rnh√∂cke #afd #reporter ,False,,walid021079,Walid47,,,,,,False,h√∂cke / bj√∂rn / german news reporter,https://www.tiktok.com/@walid021079/video/7357032229215816992,"today also here in the state parliament um crass how that clapped.  huh? really platsch did you hear that? but look at yourselves who is held directly responsible for this. that was after the TV duel with Bj√∂rn H√∂cke. there the reporter has also even already knew directly who this guy is who gave his colleague the reporter one onm head and one onm neck just listen to it. goes now.  we have to break off now. see them. so it's a heated situation in Thuringia. apparently supporters of Bj√∂rn H√∂cke, the right-wing extremist from the AfD try to interrupt our live channel. of course everyone wants to disrupt your show somehow. is also no longer a miracle when you only report shit or people? so I'm not an AfD fan now,  but how does he know it was 1 AfD guy?  how? ","heute auch hier im Landtag √§hm krass wie das geklatscht hat. h√§? richtig platsch habt ihr das geh√∂rt? aber schaut euch mal an wer direkt daf√ºr zu Verantwortung gezogen wird. das war nach dem TV Duell ja mit Bj√∂rn H√∂cke. da hat der Reporter auch sogar schon direkt gewusst wer dieser Typ ist, der seinen Kollegen den Reporter eine aufm Kopf und einer aufm Nacken gegeben hat. h√∂rt's euch einfach an. geht jetzt. wir m√ºssen jetzt abbrechen. sie sehen. also es ist eine aufgehitzte Situation in Th√ºringen. offenbar Anh√§nger von Bj√∂rn H√∂cke, dem rechts Extremisten von der AfD versuchen unsere live schalte zu unterbrechen. na klar jeder will eure Sendung irgendwie st√∂ren. is ja auch kein Wunder mehr wenn ihr nur noch schei√üe berichtet oder Leute? also ich bin jetzt kein AfD Fan, aber woher wei√ü er, dass es 1 AfD Typ war? woher? "
4,7360359591290457376,2024-04-21T18:34:28,565,DE,6558,1003,828,128300,#demokratie #demokratief√∂rdergesetz #politik #verfassungsschutz #afd #cdu #csu #fdp #spd #ampelmussweg #meinungsfreiheit ,False,,tattootom22,MaTo Ink Munich,,,,,,False,moritz straub / straub,https://www.tiktok.com/@tattootom22/video/7360359591290457376,"so people who 1. . Things are now emerging, as far as the democracy promotion law is concerned From the nazifeser and plan the 13 points uh many of you know Moritz Straub uh the one to the uh Hardcore demo times accordingly has set videos every day uh since he has private law studies, advised people, supported them,  gave them assistance, Lawyers provided From his bar squad he has uh and practically has the Demonstrations supported with his videos. So servus kirstech,  here is your tom again, if you like my like my posts take away the plus, give it times n Like or comment's also gladly how you see the things and uh always something new, only today it is really n rough hammer.  yes now it is so that the Moritz. I have contact with him, we have talked about this whole Demonstration things we have met and uh he has in Lower Bavaria, he is yes uh trained hufschmidt uh instructor, horse trainer,  riding instructor, of course also gives expert opinions uh what about horse processes and and and and.  he earns his money on his HOF.  so now it is so that with him 17 patrol cars entered are on his reputation uh he had not been to m HOF himself, he was just in Saxony above uh in court uh as legal representation and uh has there just n process led where he was present as a uh spill representative and as an expert and um.  his wife was alone at the HOF. So as I said 17 stripes run on the HOF 1. you can imagine how many officials that are then and have a search and seizure decision for his estate uh and for his cell phones,  computers et cetera. so he was not there. the policemen then ask his wife,  of course, yes where is Mr.  Straub, yeah uh it's not there, he is at court uh in Saxony above as uh representative et cetera et cetera and uh. of course then gave the details to the policemen. they have seized pretty much everything that is on the Computer et cetera in the house was and then still went there and have from his wife the seizure orders. yes are in his name. but they also the woman's cell phone, because she could practically warn him uh what they then gave out again afterwards, which is also an unfortunate thing when you confiscate something and then you give it back after that. so that also does not quite fit and have in any case these uh seizure orders, hausdurchsuchungsverfs they have to court sent up to Saxony. and after the Moritz was finished then uh With the negotiation 2 police officers approached him and have his cell phone,  his business phone and its business laptop . where it must now be said, the Moritz has a company yes the uh has nothing to do with him as a private person, because everyone knows yes how companies are merged uh that means they even have the things. may not confiscate, because the seizure order in his name run.  like this and now comes the upper hammer why the whole thing was made. yes uh he was told that the suspicion exists, that on a Twitter account he who doesn't run into him at all. He has nothing to do with that. the Twitter account.  because he. that has existed for two thousand undelf. yes uh everyone knows the Moritz is I think 26 years old or what uh calculate it yourself how old that would have been there where he made it practical.  the Twitter account. you can also view it on Google when you enter uh so uh.  sodorande m.  Twitter account.  yes uh he does not run on him and he would have on this Twitter account uh nationalsozialistische and right things posted which are accordingly forbidden in the uh. yes he would have posted pictures of mauzitum, he would have pictures uh from swastikas Hitler gepostet et cetera et cetera uh so i can only tell you 1,  i know him and I think he has more Egyptian Arab friends like anything else. so that bites itself very very violently with what they throw at him in front of it and before all things they have it only on suspicion made. it didn't mean that it was him, but on suspicion.  so and now he joins it, yes that he yes of course he is more dependent on his devices uh he has all the bills,  all the files, Names and and and. he has everything on his business equipment,  yes, he can't control bills,  nothing. the public prosecutor's office does not release the things, they must first be checked. he is at the moment now just uh,  accordingly prevented from working to make bills uh uh, failed to get the bills that are not paid uh, it practically cannot verify, because he is not in his account files at all, can access his billing files, et cetera, et cetera. so it's right,  really fierce, it's really intense uh, where I clicked along with that,  I really thought, now it's crisp.  so now, now it comes then uh,  on, on ne,  on ne number. he has simply in this time, where he made these political videos, where he also expressed his opinion, it simply has with a certain range, which he has achieved naturally, yes,  he gave the state A little pissed on the leg. and that is now then the revenge for it on suspicion uh, to get to an existence,  yes, to 1 court, where he does his job as a representative,  yes, where his principalities are present, to go here and send the police there. and is clear,  I mean uh, the one that you then create is there,  yes uh, and then the policemen come and say, we need to confiscate this and this, we have a seizure order from Bavaria conceded uh, because they uh, Suspicion 2,  which is suspicious, that they have been on Twitter with an account from 2.011. where he was 1213 years old, yes uh posts anynationalsozialistische things with with with Stalin, Hitler uh uh swastika in mauzitum et cetera et cetera uh so people don't be angry, these are things where I go,  where I say they definitely want to intimidate people, they want to intimidate them. I also have in my last video or in my penultimate wass My last video has I think somethingtausendsiebenhundert views so nothing at all, yes that no longer goes out properly uh said that they would with the ranges accordingly limit so that our things we think practically want to make my or known no longer go viral. but they themselves go viral with their sides. so guys uh you can all think about it now what is going on here at the moment there uh and how far that should go. if now then already Citizens uh the just ne reach develop and corresponding auxiliary services give for Demonstrations, because they have private law studies and enlighten people, that then falls on people's feet, because, of course,  criminal charges have been put also against police officers and and and and then a number is drawn with him. so I have to say quite honestly that is already violent and I do not want to know in how much Situations such things uh are already underway accordingly, after that is now only 1 case which I have now personally witnessed and.  i don't want to know, how many,  hundreds or thousands of other cases, that there is, where the same procedure is used. simply to keep people small, intimidate them to shut their faces. fierce,  fierce number. I wish you still a nice Sunday. your Tom bye bye. ","so Leute, die 1.. Sachen zeichnen sich jetzt AB, was das demokratief√∂rdergesetz anbelangt von der nazifeser und den 13 Punkte planen √§h viele von euch Kennen ja Moritz Straub √§h der zu den √§h Hardcore Demo Zeiten dementsprechend jeden Tag Videos eingestellt hat √§h da er privates Jurastudium hat, hat die Leute beraten, hat sie unterst√ºtzt, hat ihnen Hilfestellung gegeben, Rechtsanw√§lte gestellt Aus seinem rechtsanwaltskader den er hat √§h und hat praktisch die Demonstrationen mit seinen Videos unterst√ºtzt. so servus kirstech, hier ist wieder euer Tom, wenn euch meine meine Beitr√§ge gefallen nehmt's das Plus weg, gebt's mal n Like oder kommentiert's auch gerne wie ihr die Sachen seht und √§h immer wieder was neues, blo√ü heute ist es wirklich n grober Hammer. ja jetzt ist es ja so, dass der Moritz. ich habe Kontakt mit ihm, wir haben uns ja √ºber diese ganze Demonstration Sachen haben wir uns kennengelernt und √§h er hat ja in Niederbayern, er is ja √§h gelernter hufschmidt √§h Ausbilder, pferdeausbilder, Reitlehrer, macht nat√ºrlich auch Sachverst√§ndigen Gutachten √§h was pferdeprozesse anbelangt und und und und. er verdient sein Geld auf seinem HOF. so jetzt ist es ja so, dass bei ihm 17 streifenw√§gen eingefahren sind auf seinem ruf √§h er war selber nicht auf m HOF gewesen, er war grad in Sachsen oben √§h vor Gericht √§h als klagevertretung und √§h hat da grad n Prozess gef√ºhrt wo er als √§h kleckervertreter anwesend war und als Gutachter und √§hm. seine Frau war alleine aufm HOF. so wie gesagt 17 streifenwegen laufen bei ihm aufm HOF 1. kann man sich ja vorstellen wie viel Beamte das dann sind und haben einen durchsuchungs und Beschlagnahme Beschluss f√ºr sein Anwesen √§h und f√ºr seine Handys, Computer et cetera. so er war nicht da. die Polizisten fragen nat√ºrlich dann seine Frau, ja wo ist der Herr Straub, ja √§h der ist nicht da, der ist bei Gericht √§h in Sachsen oben als √§h kl√§gervertreter et cetera et cetera und √§h. hat den Polizisten nat√ºrlich dann die Angaben gegeben. sie haben so ziemlich alles beschlagnahmt was am Computer et cetera im Haus war und sind dann noch hergegangen und haben von seiner Frau die Beschlagnahme Verf√ºgungen. ja lauten auf seinen Namen. sie haben aber der Frau auch das Handy beschlagnahmt, weil sie k√∂nnte ihn ja praktisch warnen √§h was sie dann danach wieder rausgegeben haben, was auch n Unding is, wenn man was beschlagnahmt und dann danach gibt man's ihr wieder. also das passt auch nich ganz und haben auf jeden Fall diese √§h Beschlagnahme Verf√ºgungen, hausdurchsuchungsverf√ºgungen haben sie ans Gericht nach Sachsen hochgeschickt. und nachdem der Moritz dann fertig war √§h mit der Verhandlung kamen 2 Polizeibeamten auf ihn zu und haben sein Handy, sein Gesch√§ftshandy und seinen Gesch√§fts Laptop beschlagnahmt. wobei man jetzt dazu sagen muss, der Moritz hat eine Gesellschaft ja die √§h mit ihm als Privatperson nichts zu tun hat, weil jeder wei√ü ja wie Gesellschaften zusammengeschlossen sind √§h das hei√üt sie h√§tten die Sachen gar. nicht beschlagnahmen d√ºrfen, weil die Beschlagnahme Verf√ºgung auf seinen Namen laufen. so und jetzt kommt der Oberhammer warum das ganze gemacht wurde. ja √§h es wurde ihm gesagt, dass der Verdacht besteht, dass er auf einem Twitter Account der gar nicht auf ihn l√§uft. mit dem hat er gar nichts zu tun. der Twitter Account. denn er. der existiert seit zweitausendundelf. ja √§h jeder wei√ü der Moritz ist glaub ich 26 Jahre alt oder was √§h rechnet's euch selber Aus wie alt das dann da gewesen w√§r wo er den praktisch gemacht hat. den Twitter Account. man kann es auch einsehen auf Google wenn man eingibt √§h so √§h. sodorande m. Twitter Account. ja √§h der l√§uft nicht auf ihn und er h√§tte auf diesem Twitter Account √§h nationalsozialistische und rechte Sachen gepostet die im √§h dementsprechend verboten sind. ja er h√§tte Bilder von mauzitum gepostet, er h√§tte Bilder √§h von hakenkreuzen Adolf Hitler gepostet et cetera et cetera √§h also ich kann euch nur 1 sagen, ich kenn ihn ja und er hat glaub ich mehr √§gyptische arabische Freunde wie sonst irgendwas. also das bei√üt sich ganz ganz gewaltig mit dem was sie ihm davor werfen und vor Allen Dingen haben sie das nur auf Verdacht gemacht. es hat nicht gehei√üen, dass er es ist, sondern auf Verdacht. so und jetzt er kommt noch dazu, ja dass er ja nat√ºrlich von seinen Ger√§ten ist er ja abh√§ngiger √§h er hat die ganzen Rechnungen, alle Dateien, Namen und und und. er hat ja alles auf den gesch√§ftsger√§ten, ja, er kann keine Rechnungen kontrollieren, nichts. die Staatsanwaltschaft gibt die Sachen nicht frei, die m√ºssen erst √ºberpr√ºft werden. er is im Moment jetz halt √§h, dementsprechend gehinder zu arbeiten Rechnungen zu stellen √§h √§h, vers√§umt, die Rechnungen, die nicht bezahlt sind √§h, kann er praktisch nicht nachpr√ºfen, weil er gar nicht in seine rechnungsdateien, auf seine rechnungsdateien zugreifen kann, et cetera, et cetera. also es ist richtig, richtig heftig, es ist richtig heftig √§h, wo ich das mitgeklickt hab, hab ich Mir echt gedacht, jetzt ist es knackig. also jetzt, jetzt kommt's dann √§h, auf, auf ne, auf ne Nummer. er hat einfach in dieser Zeit, wo er diese politischen Videos gemacht hat, wo er seine Meinung auch kundgetanung ge√§u√üert hat, hat er einfach mit einer bestimmten Reichweite, die er nat√ºrlich erreicht hat, ja, hat er dem Staat n bisschen ans Bein gepisst. und das ist jetzt dann die Revanche daf√ºr auf Verdacht √§h, an ne Existenz zu gehen, ja, an 1 Gericht, wo er als kl√§gervertreter seinen Job macht, ja, wo seine mandantschaften mit dabei sind, herzugehen und die Polizei dahin zu schicken. und is ja klar, ich Mein √§h, die, die, die man dann schafft, is ja damit dabei, ja √§h, und dann die Polizisten kommen und sagen, wir m√ºssen das und das beschlagnahmen, wir haben ne beschlagnahmeverf√ºgung von Bayern zugestand gekriegt √§h, weil sie √§h, Verdacht 2, der Verdacht besteht, dass sie auf Twitter mit nem Account von 2.011. wo er was wei√ü ich 1213 Jahre alt war, ja √§h irgendwelche nationalsozialistische Sachen postet mit mit mit Stalin, Hitler √§h √§h Hakenkreuz im mauzitum et cetera et cetera √§h also Leute seid zwar nicht b√∂s, das sind Sachen wo ich hergehe, wo ich sag sie wollen die Leute definitiv einsch√ºchtern, sie wollen sie einsch√ºchtern. ich habe auch in meinem letzten Video oder in meinem vorletzten wars Mein letztes Video hat glaub ich irgendwas um tausendsiebenhundert Aufrufe also gar nichts, ja das geht gar nicht mehr richtig raus √§h gesagt, dass sie uns mit die Reichweiten dementsprechend einschr√§nken damit unsere Sachen die wir praktisch denken meinen oder kund tun wollen nicht mehr viral gehen. sie selber gehen aber viral mit ihre Seiten. also Leute √§h ihr k√∂nnt euch jetzt alle mal Gedanken dr√ºber machen was hier im Moment abl√§uft da √§h und wie weit das das noch gehen soll. wenn jetzt dann schon B√ºrger √§h die einfach nur ne Reichweite entwickeln und dementsprechende hilfeleistungen geben f√ºr Demonstrationen, weil sie eben mal privates Jurastudium haben und die Leute aufkl√§ren, das f√§llt die Leute dann auf die F√º√üe, weil nat√ºrlich strafantr√§ge gestellt worden sind auch gegen Polizeibeamten und und und und dann wird so ne Nummer mit ihm abgezogen. also da muss ich mal ganz ehrlich sagen das ist schon heftig und ich m√∂chte nicht wissen in wie viel Situationen solche Sachen √§h schon dementsprechend am laufen sind, nachdem das jetzt nur 1 Fall ist den ich jetzt pers√∂nlich mitgekriegt hab und. ich m√∂cht nicht wissen, wie viel, hunderte oder tausende von anderen F√§llen, dass es da gibt, wo genauso Verfahren wird. einfach um die Leute Klein zu halten, einzusch√ºchtern, damit sie ihre Fresse halten. heftig, heftige Nummer. ich w√ºnsche euch trotzdem noch einen sch√∂nen Sonntag. euer Tom tschau tschau. "
5,7357032299826793760,2024-04-12T19:23:08,75,DE,31600,482,1069,460700,Monte und Giggsen landen im Stream mitten in einer AfD Demo #monte #montanablack #montanablack88 #demo #realtalk #friend #friends #realtalk #foryou #foryoupage #fy #fyp #viral #viralvideo #trend #trending,False,,montanablackclips,MontanaBlack Clips,,,,,,True,monte afd demo / montanablack88 / montana black edit / monte / monte realtalk / monte statement / freundin montanablack / monte live event / giggsen rechts / Monte Donations Witzig,https://www.tiktok.com/@montanablackclips/video/7357032299826793760,,
6,7354030596953296161,2024-04-04T17:14:43,17,DE,53300,8892,688,526200,Das gibt wieder Kritik aber ist nur spa√ü üòÇ #deutschlandüá©üá™ #deutsch #spa√ü #afd #spa√ümusssein #funny #viral #foryou #fyy #fyp #foryoup ,False,,cickobandido,Cicko,,,,,,False,deutsch / deutsch deutschland deutsch,https://www.tiktok.com/@cickobandido/video/7354030596953296161,"turn straight,  always stay straight and apply pressure. no around right,  yes,  always right. as long as the German Empire exists, the screw is turned to the right. ","gerade drehen, immer gerade bleiben und druckaus√ºben. nein rechtsrum rechts, ja, immer rechts. solang das deutsche Reich besteht, wird die Schraube nach rechts gedreht. "
7,7354094885949033760,2024-04-04T21:24:13,489,DE,6667,1051,1350,144500,#deitschlandüá©üá™ #afd #spd #cdu #csu #gr√ºne #fdp #demokratie #migration #grenzen #politik ,False,,tattootom22,MaTo Ink Munich,,,,,,False,syrische kind / 4 j√§hriges kind verschwunden / Syrer 4 J√§hrige / politik deutschland,https://www.tiktok.com/@tattootom22/video/7354094885949033760,"I am really um at the moment yes fierce really violent uh shocked somewhere um what today in Wangen in the Allg√§u uh happened in a norms supermarket. servus hideous here is your tom tonight again uh it is 1.  it is unbelievable it is unbelievable I have been a bit in Google before have n bissel in Google apart looked and and and I have suddenly reported seen uh was in the Algoy uh Norma supermarket thirty four year old Syria uh stabs four-year-old girl then uh was so so I went then briefly on TikTok and then I have n Peter Weber from Halle hello opinion uh I really appreciate the really really good Contents brings uh talked out clearly and and he also reported about it there I have that too shared the video of him and then I read in a bit more. it is People this must stop this must stop for good make our limitszurk all the shit what the Greens fabricate here and our complete Bundestag yes this is never possible it is 1 thing yes it can not be yes you can read it on Google need only enter it. four-year-old girl of thirty-four-year-olds Syria stabbed uh today uh sorry this bissl but I am a father myself nothing more has to know how the mother feels right now uh apart from how the child is doing uh that he is seriously injured we just hope that. uh,  the little one really survives,  yeah, it is. he had no connection whatsoever, the guy had no relation whatsoever neither to the mother nor the child. yes according topolizeiinformationen, what's in the newspapers everywhere, he goes into the supermarket, stabs 1 four-year-old child, turns around and goes out. we have arrested them in the meantime, he let himself be arrested without resistance uh People, how far should this go? how far should that go? and anyone who has me now as right wants to condemn, he shall condemn me as right-wing. I have no problem with it, because this shit has to stop, the borders must be closed and the immigrants who come to us, they definitely need to be controlled. that can no longer be. we have never had such situations before 2.015,  never. and this must be stopped, this must be stopped.  and the only who are walking here and really want to stop it, yes is the AfD. and there knows it now from Me dingavos second, yes,  because slowly, it's really getting too much.  yes, how many women have been raped? how many women have been killed? what was then uh at the station, I can now remember exactly the name, but where the woman uh has been thrown in front of the train with m child,  yes from the,  from the dark-skinned, yes uh,  then where the child died, the woman has survived et cetera, et cetera. I can now list another 1,000 things for you. yes and it. is always referred to as individual cases.  yes this is I gr√∂ck I gr√∂ck I gr√∂ck on the pulse gr√∂ck I yes that nimmer that goes better.  yes people it's finally going out now stop it with your shit against the right.  yes but it goes here and takes care of it all together in Germany, that the borders are reduced because it never goes on like this ey We children never feel safe at all. yes well sorry like what how to become have what we do oh My ship goes ship now I am an adult on the ear but AB four-year-old child to AB four-year-old child with the butcher and then turn them over and go out again. you can not resocialize these people you cannot integrate them into our social system that then hopeless cases this works net which has then grown up differently who then grew up in the war yes the just like the people Nigeria below and and and where should it come from yes they have once led quite different life you can't do them socially integrate,  or at least not most of it.  yes and this must stop and who went here and paid for the ships that people then brought over to Lampedusa to Italy my wife is Italian they have already experienced such things 5 and 6 years ago over there yes People I am that is something like this is the thing that breaks my heart because that is the thing where I go 1 four year old girl with knife down.  me just like that, People, is it actually still possible? you title Me on the right, do you call me a Nazi or what do I know what is, I don't give a shit. but these people have to go,  get out,  get out of the country, that doesn't even work.  what has to happen to you guys. the only people, who go here and always talk very cleverly, yes,  these are our politicians, because the ones on these levels, where these people move, not move at all, they don't need to be afraid at all, yes, which is then beautifully protected,  they have police protection, who are sitting in their villas, that, that, that. but down here with us with the normal people,  yes, we have to live with these people and it can't be, that our women are raped, that our children are being murdered,  yes, that children are used,  yes, I don't want to go into it any further now,  yes, you know the situation you have and that's really the icing on the cake now m.  I, this is the icing on the cake.  I.  something has to happen, this shit has to stop, this country must be made safe again Germany was always 1. safe country, yes Now I am once because of the terrorist attacks, that may come, oureuropameisterschaftsspiele get secured like crazy by police, Christmas markets,  yes, must be set aside with barricades and and and and and. yes,  and our evaluating office, the,  got it in my video before I mentioned it yes, yes,  has on Twitter respectively X in Arabic script explained to people,  yes,  in Arabic. as they are within 3 years as soon as possible become a German citizen goes from The Greens Out, because evaluating office is.  the bear buck people please we for children and women still have to die, that it finally tends into your head. yes heart on with the eternal shit against the right. yes it does not exist,  it does not exist, it is displayed only as on the right.  yes but something needs to be done, that our boundary stuff will be made. yes and that this shit finally has n end. it is incredible people I'm sorry that this is the case now. I am simply that this is also I can't handle it at all.  yes 1 four-year-old child. I am sorry but this is it finally wakes up. yes it goes to the street for the right thing but not against this shit against the right. yes where our Nancy Fiber and Olli all the time the bake stalling. the one who ruled the complete left uh uh uh Yes,  I would not like to comment on this now. yes that is that is no longer possible. that just doesn't work anymore. bye Tom. ","ich bin im Moment wirklich √§hm ja heftig wirklich heftig √§h geschockt irgendwo √§hm was heute in Wangen im Allg√§u √§h in einem normas Supermarkt passiert ist. servus gr√§sslich hier ist euer Tom heute Abend noch mal √§h es is 1. es is unfassbar es is unfassbar ich bin vorher bissel in Google gewesen hab n bissel in Google auseinander geschaut und und und und hab ich auf einmal berichte gesehen √§h war in dem algoy √§h Norma Supermarkt vierunddrei√üigj√§hriger Syria √§h sticht vierj√§hriges M√§dchen nieder dann √§h war so so ich bin dann kurz auf TikTok gegangen und dann hab ich n Peter Weber von Halle hallo Meinung √§h den ich wirklich sch√§tze der wirklich echt gute Contents bringt √§h klar rausredet und und und der hat da auch davon berichtet ich hab das auch geteilt das Video von ihm und hab mich dann noch n bisschen mehr eingelesen. es is Leute des muss aufh√∂ren des muss endg√ºltig aufh√∂ren unsere grenzenmessenzurk macht werden die ganze Schei√üe was Die Gr√ºnen hier fabrizieren und unser kompletter Bundestag ja des geht nimmer es is 1 Unding ja es kann nicht sein ja ihr k√∂nnt es auf Google nachlesen braucht es nur eingeben. vierj√§hriges M√§dchen von Vierunddrei√üigj√§hrigen Syria niedergestochen √§h heute √§h tschuldigt das hier bissl aber ich bin selber Vater mehr hat gar nicht wissen wie sich die die die Mutter jetzt grad f√ºhlt √§h abgesehen davon wie es dem Kind geht √§h dass er schwer verletzt ist wir m√∂gen nur hoffen dass. √§h, die kleine wirklich √ºberlebt, ja, es ist. er hatte keinerlei Bezug, der Typ hatte keinerlei Bezug weder zur Mutter noch zum Kind. ja laut polizeiinformationen, was in die Zeitungen √ºberall drin steht, der geht in den Supermarkt rein, sticht 1 vierj√§hriges Kind nieder, dreht sich um und geht raus. sie haben wir mittlerweile festgenommen, er hat sich wiederstandslos festnehmen lassen √§h Leute, wie weit soll des noch gehen? wie weit soll das noch gehen? und jeder der mich jetzt hat als rechts verurteilen will, der soll mich als rechts verurteilen. hab ich kein Problem damit, weil diese Schei√üe muss aufh√∂ren, die Grenzen m√ºssen zugemacht werden und die Einwandere die zu uns kommen, die m√ºssen definitiv kontrolliert werden. das kann nicht mehr sein. wir haben solche Situationen vor 2.015 niemals gehabt, niemals. und das muss gestoppt werden, das muss gestoppt werden. und die einzigen die da herg√§ngern und das wirklich stoppen wollen, ja ist die AfD. und da kennts jetzt von Mir dingavos zweitz, ja, weil langsam, langsam wirds wirklich zu viel. ja, wie viele Frauen sind schon vergewaltigt worden? wie viel Frauen sind schon umgebracht worden? was war damals √§h an dem Bahnhof, ich kann Mir jetzt genau an den Namen erinnern, aber wo die Frau √§h mit m Kind vor der Zug geschmissen worden ist, ja von dem, von dem dunkelh√§utigen, ja √§h, wo das Kind dann gestorben ist, die Frau hat √ºberlebt et cetera, et cetera. ich k√∂nnt euch jetzt noch 1.000 Sachen aufz√§hlen. ja und es. wird immer von einzelnen F√§llen gesprochen. ja das ist I gr√∂ck I gr√∂ck I gr√∂ck am Puls gr√∂ck I ja das nimmer das nimmer besser geht. ja Leute geht's jetzt dann endlich einmal raus h√∂rt's auf mit eurer Schei√üe gegen rechts. ja sondern geht's her und sorgt daf√ºr alle miteinander in Deutschland, dass die Grenzen zur√ºckmacht werden weil das geht nimmer so weiter ey Mir Kindern uns ja √ºberhaupt nimmer sicher f√ºhlen. ja gut leid wie was wie mit zum werden hab was wir machen oh Mein Schiff geht jetzt Schiff ich bin erwachsen am Ohr aber AB vierj√§hriges Kind auf AB vierj√§hriges Kind mit der messereistecher und dann sie umdrehen und wieder rausgehen. ihr k√∂nnt diese Leute nicht resozialisieren ihr k√∂nnt die in unser Sozialsystem nicht eingliedern das dann hoffnungslose F√§lle des funktioniert net die ist dann Anders aufgewachsen die ist dann im Krieg aufgewachsen ja die genauso wie die Leute Nigeria unten und und und wo soll die herkommen ja die haben mal ganz Anders Leben gef√ºhrt die kannst du nicht sozial integrieren oder zumindest den Gro√üteil davon nicht. ja und das muss aufh√∂ren und wer ist hergegangen und hat die Schiffe bezahlt die die Leute dann r√ºbergebracht haben nach Lampedusa nach Italien meine Frau ist Italienerin die haben solche Sachen vor 5 und 6 Jahren schon erlebt da dr√ºben ja Leute ich ich bin das ist sowas ist das Sache das bricht Mein Herz weil das ist das Sache wo ich hergehe 1 vierj√§hriges M√§del mit messerniedersteh. ich einfach nur so, Leute, geht's eigentlich noch? betitelst du Mir rechts, betitelst du Mir als Nazi oder was wei√ü ich was ist, ist Mir schei√üegal. aber diese Leute m√ºssen weg, raus, weg Aus dem Land, das geht nicht mal. was muss nur euch passieren. die einzigen Leute, die hergehen und immer ganz schlau daher reden, ja, das sind unsere Politiker, weil die in diesen Ebenen, wo sich diese Menschen bewegen, sich gar nicht bewegen, die brauchen doch gar keine Angst haben, ja, die ist dann sch√∂n besch√ºtzt, die haben Polizeischutz, die hocken in ihre Villas, das, das, das. aber hier unten bei uns beim normalen Volk, ja, wir m√ºssen mit diesen Personen Leben und es kann nicht sein, dass unsere Frauen vergewaltigt werden, dass unsere Kinder ermordet werden, ja, dass Kinder benutzt werden, ja, m√∂chte ich jetzt nicht weiter drauf eingehen, ja, ihr wisst die Situation, die man haben und das ist jetzt wirklich das T√ºpfelchen auf m. I, das ist das T√ºpfelchen auf m. I. es muss etwas passieren, diese Schei√üe muss aufh√∂ren, dieses Land muss wieder sicher gemacht werden Deutschland war immer 1. sicheres Land, ja jetzt Mir ist mal wegen der terroristischen Anschl√§gen, die eventuell kommen, unsere europameisterschaftsspiele absichern lassen wie bekloppte von Polizei, Weihnachtsm√§rkte, ja, m√ºssen mit Barrikaden zur√ºckgestellt werden und und und und und. ja, und unser auswertiges Amt, die, hab's in meinem Video vorher hab ich's ja erw√§hnt, ja, hat auf Twitter beziehungsweise X in arabischer Schrift die Leuten erkl√§rt, ja, in Arabisch. wie sie innerhalb von 3 Jahren schnellstm√∂glichst zu der deutschen Staatsb√ºrgerschaft kommen geht von Die Gr√ºnen Aus, weil auswertiges Amt ist. die B√§rbock Leute bitte wir f√ºr Kinder und Frauen m√ºssen noch sterben, dass sie endlich in euern Kopf neigt. ja Herz auf mit dem ewigen Schei√üe gegen rechts. ja das gibt es nicht, es ist nicht vorhanden, es wird nur als rechts dargestellt. ja aber es muss was gemacht werden, dass unsere grenzenzeug macht werden. ja und dass diese Schei√üe endlich n Ende hat. es is unglaublich Leute tut's Mir leid, dass das das jetz so ich bin einfach des des des is das auch da komm ich gar nich klar drauf. ja 1 vierj√§hriges Kind. tut Mir leid aber des is wacht's endlich auf. ja geht's auf die Stra√üe f√ºr die richtige Sache aber nicht gegen diese Schei√üe gegen rechts. ja wo unsere Nancy Faser und Olli die ganze Zeit die backen hinhalten. die die die die komplette links regierte √§h √§h √§h ja ich m√∂cht Mir jetzt net dazu √§u√üern. ja das ist das geht gar nicht mehr. das geht einfach nicht mehr. tschau euer Tom. "
8,7357759389119417632,2024-04-14T18:24:23,16,DE,9881,715,926,102700,Das l√§uft 2030 in clubs wenn afd gewinnt #ermia_313 #fy #viral #fyp„Ç∑ #foryou #üáÆüá∑ #hamburg ,False,,ermia_313,Ermia üáÆüá∑,,,,,,False,schwarze flagge islam,https://www.tiktok.com/@ermia_313/video/7357759389119417632,,
9,7354819667585731872,2024-04-06T20:16:43,13,DE,33000,2104,304,404300,#fy ich liebe dieses land ich will nie weg von hier üòçüòç Lets goo üá©üá™ AFD ü•∞üòç,False,,brs_yagmur,Yagmur,,,,,,False,deutsche mutter / tiktok mama / Brs Yagmur,https://www.tiktok.com/@brs_yagmur/video/7354819667585731872,,
10,7359270425345428769,2024-04-18T20:07:56,73,DE,36100,5422,1295,256100,"Maximilian Krah, AfD üíô #deshalbafd #afd #jungealternative #ja #maxkrah #maximiliankrah #krah #h√∂cke #bj√∂rnh√∂cke #weidel #aliceweidel #chrupalla #tinochrupalla #europawahl #wahlen #politik #politics #europa #europe #germany #deutschland ",False,,cxrv1n,ùêÇùêóùêëùêïùüèùêç | üá©üá™‚úùÔ∏è,,,,,,False,maximilian krah / maximilian krah europawahl / afd wahlen / h√∂cke / european elections / maximilian / afd edit / politik deutschland / Maximilian Krah Echte M√§nner / maximilian krah du hast keine freundin,https://www.tiktok.com/@cxrv1n/video/7359270425345428769,"you are now 15 to 20 years old. congratulations. you may 2,024 vote for the 1st time and that is the europapalament. that's what The Greens came up with because they thought, that you choose them. but we know you're smarter. you choose AfD and even if you are still unsure, you should think about it, because it's about your future. your teachers and all the schoolmasters in ARD and ZDF explain to you that everything is great. best country. in this best country no train arrives on time, you no longer have any chances for the future, your job is not safe and they want to drive you in the future, travel far away and making your own apartment miserable, but don't you dare say anything else, then you have to listen to it, that you are right.  discriminate populistically and that's why it takes courage. this courage is called on09.06.2024 go to the local election and not hiswahlbenachrichtigungskarte before forgot to take the note and then make his cross in the right place. he has alternative for Germany, the part of a major network European parties is? ","du bist jetzt 15 bis 20 Jahre alt. herzlichen Gl√ºckwunsch. du darfst 2.024 zum 1.. mal w√§hlen und zwar das europapalament. das haben sich Die Gr√ºnen ausgedacht, weil sie dachten, dass du sie w√§hlst. aber wir wissen, du bist schlauer. du w√§hlst AfD und selbst wenn du noch unsicher bist, solltest du es dir √ºberlegen, denn es geht um deine Zukunft. deine Lehrer und die ganzen Schulmeister in ARD und ZDF erkl√§ren dir das alles super ist. bestes Land. in diesem besten Land kommt zwar kein zugp√ºnktlich an, hast du keine Zukunftschancen mehr, ist dein Job nicht sicher und will man dir in Zukunft das Autofahren, das fernreisen und die eigene Wohnung malig machen, aber wehe, du sagst etwas anderes, dann musst du dir anh√∂ren, dass du recht zeigst. populistisch diskriminieren und deshalb braucht es Mut. dieser Mut hei√üt am 09.06.2024 ins Wahl Lokal zu gehen und nicht seine wahlbenachrichtigungskarte vorher zu vergessen, den Zettel zu nehmen und dann sein Kreuz an der richtigen Stelle zu machen. hat er Alternative f√ºr Deutschland, die Teil eines gro√üen netzwerkseurop√§ischer Parteien ist? "
11,7356574966659304737,2024-04-11T13:48:12,14,DE,65800,7001,980,421400,ihr macht von den guten den ruf kaputt #foryou #fyp #goviral #foryourpage #fyp„Ç∑„Çö #lasstesviralegehen ,False,,sueb7an,azerbaijani,,,,,,False,ausl√§nder / afd wahlen / afd wahlprogramm,https://www.tiktok.com/@sueb7an/video/7356574966659304737,,
12,7354028474023021857,2024-04-04T17:06:27,38,DE,32300,2353,1135,296200,Wir haben Platz? Gr√ºne und Linke sollen doch selber ran! #wirhabenplatz #migration #einwanderung #wohnungsnot #massenmigration #gr√ºne #linke #willkommenskultur #afd #m√ºnzenmaier #alternativef√ºrdeutschland #unserlandzuerst ,False,,muenzenmaier,Sebastian M√ºnzenmaier,,,,,,True,afd remigration / gr√ºnen partei / remigration deutschland,https://www.tiktok.com/@muenzenmaier/video/7354028474023021857,"I can't scream on one side, we no longer have an apartment put me but then here as greener in german bundestagen scream, we have space, I'll get another 1,000,000. that bites itself and every reasonable person would have to recognize that. and only the ideologically blinded I just have to say gossip like that now from the Greens and from the left. they then just scream around and get upset and say, everything so evil, everything so people observe. well,  but they haven't provided any arguments yet. and honestly, We wrote them a letter once. I haven't heard of any of them yet either, who may have a large apartment, who earns 10,000 euros a month. yes,  they can take people on. we can do it privately on a grassroots basis. when they say they want 5 Syrians,  no problem at all, quantizes the with you 1 pays for the takes responsibility I can live well with them. ","ich kann nich auf der einen Seite schreien, wir haben keine Wohnung mehr stell mich dann aber hier als gr√ºner in deutschen bundestagen schrei, wir haben Platz, ich hol noch ne 1.000.000. das bei√üt sich und jeder vern√ºnftige Mensch m√ºsste das erkennen. und nur die ideologisch verblendeten Quatschk√∂pfe muss ich jetzt einfach mal so sagen von den Gr√ºnen und von linken. die schreien dann halt rum und Regen sich auf und sagen, alles so b√∂se, alles so Menschen beachten. na ja, aber Argumente haben sie noch keine geliefert. und ehrlicherweise, wir haben ihnen ja auch mal n Brief geschrieben. ich hab auch noch nicht geh√∂rt, dass einer von denen, die ja vielleicht gro√üe Wohnung haben, die ja 10.000 Euro im Monat verdient. ja die k√∂nnen die Leute doch aufnehmen. wir k√∂nnen es ja auf privat der Basis machen. wenn die sagen sie wollen 5 Syrer, gar kein Problem, quantiert die bei euch 1 zahlt f√ºr die √ºbernimmt die Verantwortung f√ºr die kann ich gut mitleben. "
13,7360364364760648992,2024-04-21T18:52:58,64,DE,3560,1251,487,190100,FACHKR√ÑFTE MANGEL ‚ö†Ô∏è#herrjobcenter #fy #strassenumfrage #videoviral #foryou #strassenumfragen #jobcenter #b√ºrgergeld #hartz4 #afd #afdfraktion #f√ºrdich #f√ºrdichseite„Ç∑ #fyp„Ç∑ #fachkr√§ftemangel #fl√ºchtlinge  @JOBCENTER_TVüá≤üá¶ ,False,,jobcenter_tv,JOBCENTER_TVüá≤üá¶,,,,,,False,herr jobcenter / jobcenter / deutschland jobcenter / jobcenter song / kindergeld,https://www.tiktok.com/@jobcenter_tv/video/7360364364760648992,where are you from in Romania Romania uh are you at work or school ha was I am not even working and also in school but at home brother do you want Jobcenter or My Heart hello Jobcenter I love you Jobcenter okay so work job center yes brother why job center best man job center they pay all rent everything yes everything except electricity except electricity  you still learned that ne yes you know you have many friends who live from the job center yes my cousin everything all yes why that's why not but don't you want to do any training but i want to so i want to go to school and maybe I would become a hairdresser yes the haircut you have yes for it yes Jobcenter I want to marry you ,woher kommst du auf Rum√§nien Rum√§nien √§h bist du am arbeiten oder Schule nix ha ha was nix ich bin nicht mal arbeiten und auch in Schule sondern zu Hause Bruder willst du Jobcenter oder Mein Herz hallo Jobcenter I love you Jobcenter okay also nix Arbeit Jobcenter ja Bruder warum Jobcenter beste Mann Jobcenter bezahlen sie alles Miete alles ja alles au√üer Strom au√üer Strom hast du das noch gelernt ne ja kennst du hast du viele Freunde die vom Jobcenter Leben ja meine Cousin alles alle ja warum darum warum nicht aber willst du keine Ausbildung machen doch ich will also ich will zur Schule gehen und vielleicht w√ºrde ich Friseur werden ja den Haarschnitt hast du ja daf√ºr ja Jobcenter ich will dich verheiraten 
14,7354605162347941152,2024-04-06T06:24:56,6,DE,8092,758,706,222100,#wangenimallg√§u #reclaimtiktok ,False,,miguelklaussafd,Miguel Klau√ü,,,,,,False,Syrer 4 J√§hrige / syrer ansage,https://www.tiktok.com/@miguelklaussafd/video/7354605162347941152,,
15,7361047818728951072,2024-04-23T15:05:07,12,DE,6459,873,66,102600,ü•±ü•±ü•± @Bi M√§n #gleichberechtigung #feminusmus #feminineenergy #gender #genderpaygap #paygap #dj #feminism #lgtbq #veranstaltungen #eventbranche #events #club #party #nachtleben #techno #berlin #tekk #hardtekk #hardtechno #hardstyle ,False,,justinpollnikofficial,JUSTIN POLLNIK,,,,,,False,dj / Hard Techno / gender party / techno / party / hardstyle techno / Techno Music / hardstyle / Club Music / Party Music,https://www.tiktok.com/@justinpollnikofficial/video/7361047818728951072,this goes to the male DJs. what does it cost you just 1 bit to be more supportive and to say if you have a booking Request gets? yo but I only come with my DJ girlfriend. just check if you have a. ,das geht an die m√§nnlichen DJs. was kostet es euch einfach 1 bisschen solidarischer zu sein und zu sagen wenn ihr eine Booking Anfrage bekommt? jo aber ich komme nur mit meiner DJ Freundin. check doch einfach mal wenn ihr ne. 
16,7360609604528606496,2024-04-22T10:44:48,30,DE,5739,2179,912,224600,#einfachyasin #89250 #senden #ulm #fy #fyp #foryoupage #funny #foryou #redbull #lassmachen #krass #tiktok #viral #music #fun #cute #memes #funny #love #followme #hannover #germany #goviral #bindergeilste #2024 #afd #deutschland ,False,,planetyasin01,üíØüëë planetyasin üëëüíØ,,,,,,False,ukrainer deutschland / deutschland abschiebung 2024 / deutschland / deutschland update / ukraine in germany / neuwahlen deutschland / deutschland kader 2024,https://www.tiktok.com/@planetyasin01/video/7360609604528606496,,
17,7357016815492435233,2024-04-12T18:22:45,61,DE,6220,12900,3291,712200,,False,,wasdieweltbewegt1,Breaking_News_Germany,,,,,,False,Legalisierung 2024 / geschlechts umwandlung / germany legalization 2024 / geschlecht √§nderrn / abschiebung 2024 / 01.01.2024 gesetz / geschlechtertausch / einb√ºrgerung 2024 / geschlecht angleichung / deutschland abschiebung 2024,https://www.tiktok.com/@wasdieweltbewegt1/video/7357016815492435233,,
